Title,Recruiter
Senior Marketing Engineer,Yama Engineering System -
Experienced,Samman Engineering & Consulting -
· Marketing/PR/Advertising,ACE Consulting Engineers (Moharram - Bakhoum) -
· Media/Journalism/Publishing,Maamoon Est. For Electrical Engineering -
electrical cost control engineer,Deeb Engineering Industries -
Experienced,Samman Engineering & Consulting -
· Engineering - Mechanical/Electrical,Spectrum Engineering -
Senior Fire Fighting Design Engineer,Spectrum Engineering -
Experienced,Rowad Modern Engineering -
· Engineering - Construction/Civil/Architecture,Sea Port for Trading and Engineering -
Junior Technical Sales Engineer,Confidential -
Entry Level,Amer Vision Group -
· Sales/Retail,Sea Port for Trading and Engineering -
· Engineering - Telecom/Technology,Hayat -
· Engineering - Other,MAS for Engineering and Trading Co. -
Electrical Panels Production Engineer - Borg El Arab city,
Entry Level,
· Manufacturing/Production,
· Engineering - Mechanical/Electrical,
Project Pricing Engineer (Woodwork),
Experienced,
· Engineering - Construction/Civil/Architecture,
· Project/Program Management,
Electrical Engineer,
Experienced,
· Engineering - Mechanical/Electrical,
Technical Office Engineer,
Experienced,
· Engineering - Construction/Civil/Architecture,
Senior Formwork Engineer,
Experienced,
· Engineering - Construction/Civil/Architecture,
Civil Design Engineer - Concrete,
Experienced,
· Engineering - Construction/Civil/Architecture,
· Creative/Design/Art,
Chief Operating Officer Engineer ( COOE ),
Senior Management,
· Engineering - Construction/Civil/Architecture,
· Operations/Management,
· C-Level Executive/GM/Director,
Quality Control Engineer,
Experienced,
· Engineering - Construction/Civil/Architecture,
· Quality,
Site Quality Control Engineer,
Experienced,
· Engineering - Construction/Civil/Architecture,
· Quality,
Mechanical Technical Office Engineer,
Experienced,
· Engineering - Construction/Civil/Architecture,
· Creative/Design/Art,
· Engineering - Mechanical/Electrical,
Outdoor Electrical Sales Engineer - Dokki,
Entry Level,
· Sales/Retail,
· Engineering - Mechanical/Electrical,
Accounting/Finance,
Administration,
Analyst/Research,
Android Jobs,
Banking,
Business Development,
C-Level Executive/GM/Director,
Creative/Design/Art,
Customer Service/Support,
Education/Teaching,
Engineering - Construction/Civil/Architecture,
Engineering - Mechanical/Electrical,
Engineering - Oil & Gas/Energy,
Engineering - Other,
Engineering - Telecom/Technology,
Fashion,
Hospitality/Hotels/Food Services,
Human Resources,
IT/Software Development,
Installation/Maintenance/Repair,
Internships in Egypt,
Legal,
Logistics/Supply Chain,
Manufacturing/Production,
Marketing/PR/Advertising,
Media/Journalism/Publishing,
Medical/Healthcare,
Operations/Management,
Pharmaceutical,
Project/Program Management,
Purchasing/Procurement,
Quality,
R&D/Science,
Sales/Retail,
Sports and Leisure,
Startup Jobs,
Strategy/Consulting,
Tourism/Travel,
Training/Instructor,
Writing/Editorial,
Jobs in Cairo,
Jobs in Giza,
Jobs in Alexandria,
Jobs in Sharqia,
Jobs in Riyadh,
Jobs in Dubai,
Jobs in Monufya,
Jobs in Doha,
Jobs in Qalubia,
Jobs in Gharbia,
Jobs in Dakahlia,
Jobs in Red Sea,
Jobs in Suez,
Jobs in Kuwait City,
Jobs in Beni Suef,
Jobs in Minya,
Jobs in Damietta,
Jobs in Port Said,
Jobs in Matruh,
Jobs in Jeddah,
Jobs in Makkah,
Jobs in Beheira,
Jobs in Ismailia,
Jobs in Ajman,
Jobs in Kafr Alsheikh,
Jobs in New Cairo,
Jobs in Maadi,
Jobs in Nasr City,
Jobs in 6th of October,
Jobs in Heliopolis,
Jobs in Sheikh Zayed,
Jobs in 10th of Ramadan City,
Jobs in Sheraton,
Jobs in Obour City,
Jobs in Dokki,
Jobs in Mohandessin,
Jobs in 10th of Ramadan City,
Jobs in Mokattam,
Jobs in Badr City,
Jobs in Bourj Alarab,
Jobs in New Capital,
Jobs in Katameya,
Jobs in Abu Rawash,
Jobs in Downtown,
Jobs in Haram,
Jobs in Giza,
Jobs in Smouha,
Jobs in Smart Village,
Jobs in Zamalek,
Jobs in New Nozha,
